MAE/train,MAE/val,epoch,loss/train,loss/val,step
,,0,0.5907217264175415,,9
,,0,0.5849640369415283,,19
,,0,0.5808727741241455,,29
,,0,0.5876493453979492,,39
,,0,0.6214557886123657,,49
,,0,0.5786440372467041,,59
,,0,0.5521946549415588,,69
,,0,0.5863968133926392,,79
,,0,0.5387889742851257,,89
,,0,0.5244601368904114,,99
,,0,0.5484093427658081,,109
,,0,0.5589377880096436,,119
,,0,0.5425668954849243,,129
,,0,0.5476450324058533,,139
,,0,0.5484157204627991,,149
,,0,0.5595753788948059,,159
,,0,0.5404768586158752,,169
,,0,0.5437608957290649,,179
,,0,0.5445189476013184,,189
,,0,0.5258870124816895,,199
,,0,0.5215363502502441,,209
,,0,0.5370315313339233,,219
,,0,0.5577319264411926,,229
,,0,0.49984151124954224,,239
,,0,0.5371350049972534,,249
,,0,0.5313040614128113,,259
,,0,0.5613521933555603,,269
,,0,0.5186865329742432,,279
,,0,0.5516745448112488,,289
,,0,0.5443112254142761,,299
,,0,0.5241223573684692,,309
,0.5312087535858154,0,,0.5312088131904602,310
0.5546060800552368,,0,,,310
,,1,0.5162383913993835,,319
,,1,0.5674746036529541,,329
,,1,0.5337755084037781,,339
,,1,0.5124412775039673,,349
,,1,0.5364179015159607,,359
,,1,0.5408528447151184,,369
,,1,0.5278836488723755,,379
,,1,0.5231066346168518,,389
,,1,0.5025631785392761,,399
,,1,0.5263381600379944,,409
,,1,0.5179936289787292,,419
,,1,0.49967965483665466,,429
,,1,0.4799378514289856,,439
,,1,0.4807586669921875,,449
,,1,0.47667813301086426,,459
,,1,0.46771496534347534,,469
,,1,0.488142192363739,,479
,,1,0.4792121350765228,,489
,,1,0.46121710538864136,,499
,,1,0.49319490790367126,,509
,,1,0.47683995962142944,,519
,,1,0.4883074462413788,,529
,,1,0.49488529562950134,,539
,,1,0.46298739314079285,,549
,,1,0.5031446218490601,,559
,,1,0.4725731611251831,,569
,,1,0.45386287569999695,,579
,,1,0.47034168243408203,,589
,,1,0.4687149226665497,,599
,,1,0.4614390730857849,,609
,,1,0.48323771357536316,,619
,0.4550236463546753,1,,0.45502379536628723,621
0.4936181306838989,,1,,,621
,,2,0.47138282656669617,,629
,,2,0.4666357934474945,,639
,,2,0.4732787013053894,,649
,,2,0.43715429306030273,,659
,,2,0.46556544303894043,,669
,,2,0.47050684690475464,,679
,,2,0.4621139466762543,,689
,,2,0.4578784704208374,,699
,,2,0.43647703528404236,,709
,,2,0.44368284940719604,,719
,,2,0.4520924687385559,,729
,,2,0.44336700439453125,,739
,,2,0.46222156286239624,,749
,,2,0.44969138503074646,,759
,,2,0.43284130096435547,,769
,,2,0.46128448843955994,,779
,,2,0.46006855368614197,,789
,,2,0.4465007483959198,,799
,,2,0.4679141044616699,,809
,,2,0.4389066696166992,,819
,,2,0.42786893248558044,,829
,,2,0.4442359209060669,,839
,,2,0.44564804434776306,,849
,,2,0.4418732523918152,,859
,,2,0.4279434084892273,,869
,,2,0.45062947273254395,,879
,,2,0.44064900279045105,,889
,,2,0.4189470708370209,,899
,,2,0.4392654299736023,,909
,,2,0.4264562129974365,,919
,,2,0.42852693796157837,,929
,0.42517468333244324,2,,0.42517468333244324,932
0.4499668776988983,,2,,,932
,,3,0.44154295325279236,,939
,,3,0.41654524207115173,,949
,,3,0.4288517236709595,,959
,,3,0.4314729869365692,,969
,,3,0.4368196427822113,,979
,,3,0.42222508788108826,,989
,,3,0.42433127760887146,,999
,,3,0.4215812683105469,,1009
,,3,0.44965624809265137,,1019
,,3,0.4223392903804779,,1029
,,3,0.41231292486190796,,1039
,,3,0.4407430589199066,,1049
,,3,0.4205131530761719,,1059
,,3,0.42107003927230835,,1069
,,3,0.4165927767753601,,1079
,,3,0.4381656050682068,,1089
,,3,0.43190401792526245,,1099
,,3,0.4245131015777588,,1109
,,3,0.43009456992149353,,1119
,,3,0.4233517646789551,,1129
,,3,0.4100802540779114,,1139
,,3,0.42801403999328613,,1149
,,3,0.399675577878952,,1159
,,3,0.4189036786556244,,1169
,,3,0.4064180850982666,,1179
,,3,0.4283219277858734,,1189
,,3,0.4203953146934509,,1199
,,3,0.4139145016670227,,1209
,,3,0.3861960172653198,,1219
,,3,0.412980318069458,,1229
,,3,0.4364722669124603,,1239
,0.40489819645881653,3,,0.4048982262611389,1243
0.42474696040153503,,3,,,1243
,,4,0.41951784491539,,1249
,,4,0.40410345792770386,,1259
,,4,0.42386412620544434,,1269
,,4,0.40712451934814453,,1279
,,4,0.4141028821468353,,1289
,,4,0.4065268039703369,,1299
,,4,0.394120454788208,,1309
,,4,0.42140552401542664,,1319
,,4,0.40448448061943054,,1329
,,4,0.4275926947593689,,1339
,,4,0.4007405638694763,,1349
,,4,0.40257498621940613,,1359
,,4,0.4064967632293701,,1369
,,4,0.3927130699157715,,1379
,,4,0.41051504015922546,,1389
,,4,0.4167461395263672,,1399
,,4,0.39033374190330505,,1409
,,4,0.4103466272354126,,1419
,,4,0.40306538343429565,,1429
,,4,0.40523216128349304,,1439
,,4,0.4283529222011566,,1449
,,4,0.405984103679657,,1459
,,4,0.4029349982738495,,1469
,,4,0.4126611649990082,,1479
,,4,0.4179404377937317,,1489
,,4,0.3995119333267212,,1499
,,4,0.38184890151023865,,1509
,,4,0.4169790744781494,,1519
,,4,0.4090430736541748,,1529
,,4,0.40905147790908813,,1539
,,4,0.39513278007507324,,1549
,0.39605003595352173,4,,0.39604997634887695,1554
0.4102763831615448,,4,,,1554
,,5,0.4070456922054291,,1559
,,5,0.40417250990867615,,1569
,,5,0.3835854232311249,,1579
,,5,0.4045264720916748,,1589
,,5,0.4137272536754608,,1599
,,5,0.4084187150001526,,1609
,,5,0.4111202657222748,,1619
,,5,0.41414889693260193,,1629
,,5,0.4170185923576355,,1639
,,5,0.40673407912254333,,1649
,,5,0.4075953960418701,,1659
,,5,0.4078249931335449,,1669
,,5,0.3978755474090576,,1679
,,5,0.40322574973106384,,1689
,,5,0.39857083559036255,,1699
,,5,0.40083178877830505,,1709
,,5,0.39158472418785095,,1719
,,5,0.4050089716911316,,1729
,,5,0.4076932370662689,,1739
,,5,0.4039417505264282,,1749
,,5,0.40645378828048706,,1759
,,5,0.3898353576660156,,1769
,,5,0.41308850049972534,,1779
,,5,0.40455764532089233,,1789
,,5,0.40047138929367065,,1799
,,5,0.3997746706008911,,1809
,,5,0.40138280391693115,,1819
,,5,0.3836291432380676,,1829
,,5,0.390037477016449,,1839
,,5,0.415815532207489,,1849
,,5,0.40265870094299316,,1859
,0.39045950770378113,5,,0.3904595375061035,1865
0.4020473062992096,,5,,,1865
,,6,0.40136799216270447,,1869
,,6,0.4105336666107178,,1879
,,6,0.40481603145599365,,1889
,,6,0.39737069606781006,,1899
,,6,0.3834989070892334,,1909
,,6,0.40047746896743774,,1919
,,6,0.40498125553131104,,1929
,,6,0.41158589720726013,,1939
,,6,0.3909129798412323,,1949
,,6,0.384296715259552,,1959
,,6,0.3990151286125183,,1969
,,6,0.3832780718803406,,1979
,,6,0.4056739807128906,,1989
,,6,0.41028547286987305,,1999
,,6,0.38780659437179565,,2009
,,6,0.3864973783493042,,2019
,,6,0.38011521100997925,,2029
,,6,0.3908018469810486,,2039
,,6,0.41340935230255127,,2049
,,6,0.40344104170799255,,2059
,,6,0.39234304428100586,,2069
,,6,0.41984185576438904,,2079
,,6,0.41239580512046814,,2089
,,6,0.39803600311279297,,2099
,,6,0.39537620544433594,,2109
,,6,0.39893054962158203,,2119
,,6,0.38173729181289673,,2129
,,6,0.3835682272911072,,2139
,,6,0.4012460708618164,,2149
,,6,0.39623114466667175,,2159
,,6,0.4010846018791199,,2169
,0.38697144389152527,6,,0.38697144389152527,2176
0.39676305651664734,,6,,,2176
,,7,0.3895300328731537,,2179
,,7,0.41094502806663513,,2189
,,7,0.39111268520355225,,2199
,,7,0.39156192541122437,,2209
,,7,0.39198869466781616,,2219
,,7,0.3725752830505371,,2229
,,7,0.39412665367126465,,2239
,,7,0.4002738893032074,,2249
,,7,0.3932592272758484,,2259
,,7,0.39834195375442505,,2269
,,7,0.39706072211265564,,2279
,,7,0.40341824293136597,,2289
,,7,0.3797090947628021,,2299
,,7,0.38731083273887634,,2309
,,7,0.3846127390861511,,2319
,,7,0.39435529708862305,,2329
,,7,0.40218615531921387,,2339
,,7,0.3867723345756531,,2349
,,7,0.39715105295181274,,2359
,,7,0.39950937032699585,,2369
,,7,0.4157119393348694,,2379
,,7,0.40361055731773376,,2389
,,7,0.409542053937912,,2399
,,7,0.4022364020347595,,2409
,,7,0.3923444151878357,,2419
,,7,0.3853301405906677,,2429
,,7,0.4012789726257324,,2439
,,7,0.39645999670028687,,2449
,,7,0.4061225354671478,,2459
,,7,0.38584190607070923,,2469
,,7,0.39062976837158203,,2479
,0.3852750360965729,7,,0.38527506589889526,2487
0.3929756283760071,,7,,,2487
,,8,0.40247711539268494,,2489
,,8,0.3692152500152588,,2499
,,8,0.3789721727371216,,2509
,,8,0.38556787371635437,,2519
,,8,0.37637194991111755,,2529
,,8,0.39249634742736816,,2539
,,8,0.3707122802734375,,2549
,,8,0.37415891885757446,,2559
,,8,0.3801755905151367,,2569
,,8,0.388134241104126,,2579
,,8,0.3721884489059448,,2589
,,8,0.38627704977989197,,2599
,,8,0.39555153250694275,,2609
,,8,0.38435888290405273,,2619
,,8,0.3864762783050537,,2629
,,8,0.3715755343437195,,2639
,,8,0.39541834592819214,,2649
,,8,0.37655287981033325,,2659
,,8,0.3849509358406067,,2669
,,8,0.3768223226070404,,2679
,,8,0.4028061330318451,,2689
,,8,0.3972359299659729,,2699
,,8,0.3801814317703247,,2709
,,8,0.3840760588645935,,2719
,,8,0.38549432158470154,,2729
,,8,0.39600905776023865,,2739
,,8,0.39081868529319763,,2749
,,8,0.38136816024780273,,2759
,,8,0.37550005316734314,,2769
,,8,0.40116941928863525,,2779
,,8,0.3980906009674072,,2789
,0.3830724358558655,8,,0.3830723762512207,2798
0.3898770809173584,,8,,,2798
,,9,0.3973240256309509,,2799
,,9,0.3868578374385834,,2809
,,9,0.3862645626068115,,2819
,,9,0.3970901370048523,,2829
,,9,0.3765849471092224,,2839
,,9,0.38948291540145874,,2849
,,9,0.391486257314682,,2859
,,9,0.38071680068969727,,2869
,,9,0.3780060410499573,,2879
,,9,0.37967872619628906,,2889
,,9,0.38511717319488525,,2899
,,9,0.3884030282497406,,2909
,,9,0.40046507120132446,,2919
,,9,0.3702980875968933,,2929
,,9,0.3844640254974365,,2939
,,9,0.3875916004180908,,2949
,,9,0.3825403153896332,,2959
,,9,0.38063400983810425,,2969
,,9,0.3904338777065277,,2979
,,9,0.40086573362350464,,2989
,,9,0.38144418597221375,,2999
,,9,0.3713921904563904,,3009
,,9,0.3765784204006195,,3019
,,9,0.3823234438896179,,3029
,,9,0.3897843062877655,,3039
,,9,0.38364648818969727,,3049
,,9,0.3859543800354004,,3059
,,9,0.38707852363586426,,3069
,,9,0.377739280462265,,3079
,,9,0.38676056265830994,,3089
,,9,0.39373597502708435,,3099
,,9,0.389441579580307,,3109
,0.37920770049095154,9,,0.3792076110839844,3109
0.3874552249908447,,9,,,3109
,,10,0.3745463788509369,,3119
,,10,0.40219998359680176,,3129
,,10,0.39293307065963745,,3139
,,10,0.37394222617149353,,3149
,,10,0.39944443106651306,,3159
,,10,0.39199894666671753,,3169
,,10,0.3946036100387573,,3179
,,10,0.3788207769393921,,3189
,,10,0.39209264516830444,,3199
,,10,0.3926006257534027,,3209
,,10,0.3888125419616699,,3219
,,10,0.4003998637199402,,3229
,,10,0.38578009605407715,,3239
,,10,0.3949859142303467,,3249
,,10,0.38455700874328613,,3259
,,10,0.38245630264282227,,3269
,,10,0.38701343536376953,,3279
,,10,0.37586069107055664,,3289
,,10,0.39607176184654236,,3299
,,10,0.36788472533226013,,3309
,,10,0.37254440784454346,,3319
,,10,0.39009547233581543,,3329
,,10,0.3974297046661377,,3339
,,10,0.37622877955436707,,3349
,,10,0.3913540244102478,,3359
,,10,0.38967645168304443,,3369
,,10,0.3960796594619751,,3379
,,10,0.37307488918304443,,3389
,,10,0.3789174258708954,,3399
,,10,0.39434561133384705,,3409
,,10,0.3859313428401947,,3419
,0.379970520734787,10,,0.37997063994407654,3420
0.38533735275268555,,10,,,3420
,,11,0.3966916799545288,,3429
,,11,0.4016669988632202,,3439
,,11,0.40293002128601074,,3449
,,11,0.4009700417518616,,3459
,,11,0.38225728273391724,,3469
,,11,0.38750705122947693,,3479
,,11,0.3921828269958496,,3489
,,11,0.38067588210105896,,3499
,,11,0.3715851902961731,,3509
,,11,0.392498254776001,,3519
,,11,0.3881527781486511,,3529
,,11,0.3831706643104553,,3539
,,11,0.38032791018486023,,3549
,,11,0.39062559604644775,,3559
,,11,0.3838253915309906,,3569
,,11,0.3952709138393402,,3579
,,11,0.3844289779663086,,3589
,,11,0.3832278251647949,,3599
,,11,0.3982323110103607,,3609
,,11,0.38608402013778687,,3619
,,11,0.3814903199672699,,3629
,,11,0.4008355140686035,,3639
,,11,0.38105568289756775,,3649
,,11,0.3896881937980652,,3659
,,11,0.3944740295410156,,3669
,,11,0.3915634751319885,,3679
,,11,0.3835844397544861,,3689
,,11,0.39515745639801025,,3699
,,11,0.36786770820617676,,3709
,,11,0.3842535614967346,,3719
,,11,0.38377445936203003,,3729
,0.37772509455680847,11,,0.37772515416145325,3731
0.38376495242118835,,11,,,3731
,,12,0.37858253717422485,,3739
,,12,0.36726850271224976,,3749
,,12,0.38153529167175293,,3759
,,12,0.3712870478630066,,3769
,,12,0.3816676139831543,,3779
,,12,0.37989887595176697,,3789
,,12,0.39177554845809937,,3799
,,12,0.39705711603164673,,3809
,,12,0.37442898750305176,,3819
,,12,0.3796159625053406,,3829
,,12,0.3934483230113983,,3839
,,12,0.39141568541526794,,3849
,,12,0.3800276219844818,,3859
,,12,0.37327301502227783,,3869
,,12,0.3884991407394409,,3879
,,12,0.3926527500152588,,3889
,,12,0.38683050870895386,,3899
,,12,0.39100977778434753,,3909
,,12,0.37860774993896484,,3919
,,12,0.38323259353637695,,3929
,,12,0.37279248237609863,,3939
,,12,0.38727980852127075,,3949
,,12,0.3855059742927551,,3959
,,12,0.37911689281463623,,3969
,,12,0.3825805187225342,,3979
,,12,0.39453017711639404,,3989
,,12,0.38707053661346436,,3999
,,12,0.3811527192592621,,4009
,,12,0.3718886375427246,,4019
,,12,0.3719511032104492,,4029
,,12,0.37081974744796753,,4039
,0.3773782551288605,12,,0.37737831473350525,4042
0.38178297877311707,,12,,,4042
,,13,0.38581132888793945,,4049
,,13,0.3841477036476135,,4059
,,13,0.3873138129711151,,4069
,,13,0.359588086605072,,4079
,,13,0.36669954657554626,,4089
,,13,0.370663583278656,,4099
,,13,0.38670969009399414,,4109
,,13,0.3886130750179291,,4119
,,13,0.3847355246543884,,4129
,,13,0.39837998151779175,,4139
,,13,0.3904900550842285,,4149
,,13,0.3883911371231079,,4159
,,13,0.3947272300720215,,4169
,,13,0.38559457659721375,,4179
,,13,0.3758513331413269,,4189
,,13,0.38142451643943787,,4199
,,13,0.37476110458374023,,4209
,,13,0.3801672160625458,,4219
,,13,0.3905723989009857,,4229
,,13,0.370454877614975,,4239
,,13,0.3909221589565277,,4249
,,13,0.3595368266105652,,4259
,,13,0.37107977271080017,,4269
,,13,0.37426334619522095,,4279
,,13,0.3768392503261566,,4289
,,13,0.38190147280693054,,4299
,,13,0.38323473930358887,,4309
,,13,0.359450101852417,,4319
,,13,0.3803216814994812,,4329
,,13,0.37728720903396606,,4339
,,13,0.3780478835105896,,4349
,0.37564343214035034,13,,0.3756435215473175,4353
0.38034799695014954,,13,,,4353
,,14,0.38077980279922485,,4359
,,14,0.3864552974700928,,4369
,,14,0.3965122699737549,,4379
,,14,0.37419748306274414,,4389
,,14,0.3776927888393402,,4399
,,14,0.38279256224632263,,4409
,,14,0.37863028049468994,,4419
,,14,0.3818025290966034,,4429
,,14,0.39028796553611755,,4439
,,14,0.38222283124923706,,4449
,,14,0.37274083495140076,,4459
,,14,0.3696761727333069,,4469
,,14,0.36867398023605347,,4479
,,14,0.3744626045227051,,4489
,,14,0.396281898021698,,4499
,,14,0.4009818434715271,,4509
,,14,0.39334988594055176,,4519
,,14,0.37589824199676514,,4529
,,14,0.3859970271587372,,4539
,,14,0.3783433437347412,,4549
,,14,0.3666267395019531,,4559
,,14,0.3734439015388489,,4569
,,14,0.3699531555175781,,4579
,,14,0.3872356414794922,,4589
,,14,0.37917929887771606,,4599
,,14,0.37384670972824097,,4609
,,14,0.3733649253845215,,4619
,,14,0.35539349913597107,,4629
,,14,0.3889555335044861,,4639
,,14,0.36581099033355713,,4649
,,14,0.3773142695426941,,4659
,0.3748919367790222,14,,0.37489190697669983,4664
0.379047155380249,,14,,,4664
,,15,0.3875998854637146,,4669
,,15,0.389590322971344,,4679
,,15,0.390611857175827,,4689
,,15,0.3688543438911438,,4699
,,15,0.370758980512619,,4709
,,15,0.37515324354171753,,4719
,,15,0.3668588399887085,,4729
,,15,0.38224267959594727,,4739
,,15,0.37929767370224,,4749
,,15,0.3911142349243164,,4759
,,15,0.3756294250488281,,4769
,,15,0.38436317443847656,,4779
,,15,0.37337857484817505,,4789
,,15,0.3671017289161682,,4799
,,15,0.3722246587276459,,4809
,,15,0.39533811807632446,,4819
,,15,0.38001251220703125,,4829
,,15,0.3823370933532715,,4839
,,15,0.36517223715782166,,4849
,,15,0.39539551734924316,,4859
,,15,0.39273619651794434,,4869
,,15,0.37625133991241455,,4879
,,15,0.38664039969444275,,4889
,,15,0.373346209526062,,4899
,,15,0.40093860030174255,,4909
,,15,0.39135465025901794,,4919
,,15,0.3695671260356903,,4929
,,15,0.39077019691467285,,4939
,,15,0.3849216401576996,,4949
,,15,0.37293916940689087,,4959
,,15,0.3847232758998871,,4969
,0.37203899025917053,15,,0.3720390498638153,4975
0.37781280279159546,,15,,,4975
,,16,0.35767054557800293,,4979
,,16,0.37590640783309937,,4989
,,16,0.375103235244751,,4999
,,16,0.38358578085899353,,5009
,,16,0.3855476975440979,,5019
,,16,0.37212443351745605,,5029
,,16,0.36456915736198425,,5039
,,16,0.36659717559814453,,5049
,,16,0.35819554328918457,,5059
,,16,0.3621262013912201,,5069
,,16,0.3657638430595398,,5079
,,16,0.36547350883483887,,5089
,,16,0.3809872567653656,,5099
,,16,0.37182092666625977,,5109
,,16,0.3698030114173889,,5119
,,16,0.3607315421104431,,5129
,,16,0.39334559440612793,,5139
,,16,0.3697623014450073,,5149
,,16,0.3713350296020508,,5159
,,16,0.3822571635246277,,5169
,,16,0.38888511061668396,,5179
,,16,0.39790886640548706,,5189
,,16,0.3709414601325989,,5199
,,16,0.3786892592906952,,5209
,,16,0.3696392774581909,,5219
,,16,0.3730390965938568,,5229
,,16,0.3955111503601074,,5239
,,16,0.38335856795310974,,5249
,,16,0.39072245359420776,,5259
,,16,0.38140079379081726,,5269
,,16,0.39070385694503784,,5279
,0.3715970814228058,16,,0.3715971112251282,5286
0.37647557258605957,,16,,,5286
,,17,0.38335520029067993,,5289
,,17,0.3904564380645752,,5299
,,17,0.3806123435497284,,5309
,,17,0.3671950697898865,,5319
,,17,0.36671745777130127,,5329
,,17,0.3793322443962097,,5339
,,17,0.36833733320236206,,5349
,,17,0.40685439109802246,,5359
,,17,0.3813142478466034,,5369
,,17,0.3631821572780609,,5379
,,17,0.3727405071258545,,5389
,,17,0.3896946907043457,,5399
,,17,0.3817010521888733,,5409
,,17,0.37208813428878784,,5419
,,17,0.3892189860343933,,5429
,,17,0.3857775926589966,,5439
,,17,0.37064048647880554,,5449
,,17,0.36938056349754333,,5459
,,17,0.3754509687423706,,5469
,,17,0.36912649869918823,,5479
,,17,0.36876749992370605,,5489
,,17,0.3867611289024353,,5499
,,17,0.3866245448589325,,5509
,,17,0.3738130033016205,,5519
,,17,0.3835708498954773,,5529
,,17,0.36974382400512695,,5539
,,17,0.38353919982910156,,5549
,,17,0.37455782294273376,,5559
,,17,0.365317702293396,,5569
,,17,0.3773842751979828,,5579
,,17,0.3866807818412781,,5589
,0.3716549277305603,17,,0.37165507674217224,5597
0.37532898783683777,,17,,,5597
,,18,0.3717116117477417,,5599
,,18,0.3709620237350464,,5609
,,18,0.3742433488368988,,5619
,,18,0.3721999526023865,,5629
,,18,0.3751758337020874,,5639
,,18,0.37392300367355347,,5649
,,18,0.37773799896240234,,5659
,,18,0.37107914686203003,,5669
,,18,0.3759807050228119,,5679
,,18,0.37515926361083984,,5689
,,18,0.38080859184265137,,5699
,,18,0.37362033128738403,,5709
,,18,0.3865913152694702,,5719
,,18,0.36788409948349,,5729
,,18,0.37177854776382446,,5739
,,18,0.3672325611114502,,5749
,,18,0.35772067308425903,,5759
,,18,0.3734055161476135,,5769
,,18,0.3739273250102997,,5779
,,18,0.3766506314277649,,5789
,,18,0.37939977645874023,,5799
,,18,0.38624107837677,,5809
,,18,0.37762451171875,,5819
,,18,0.38467440009117126,,5829
,,18,0.3732844293117523,,5839
,,18,0.37254294753074646,,5849
,,18,0.37439462542533875,,5859
,,18,0.3757515847682953,,5869
,,18,0.37734144926071167,,5879
,,18,0.379986047744751,,5889
,,18,0.37257084250450134,,5899
,0.37185361981391907,18,,0.3718535900115967,5908
0.37446045875549316,,18,,,5908
,,19,0.3714367151260376,,5909
,,19,0.3701508939266205,,5919
,,19,0.3687532842159271,,5929
,,19,0.3693399131298065,,5939
,,19,0.3683747947216034,,5949
,,19,0.37818026542663574,,5959
,,19,0.35842472314834595,,5969
,,19,0.35840511322021484,,5979
,,19,0.37850481271743774,,5989
,,19,0.37640365958213806,,5999
,,19,0.3735702633857727,,6009
,,19,0.3634631037712097,,6019
,,19,0.38350909948349,,6029
,,19,0.39100974798202515,,6039
,,19,0.38490816950798035,,6049
,,19,0.3683238625526428,,6059
,,19,0.36428698897361755,,6069
,,19,0.37777137756347656,,6079
,,19,0.38155943155288696,,6089
,,19,0.38555777072906494,,6099
,,19,0.37866148352622986,,6109
,,19,0.3554062843322754,,6119
,,19,0.3627926707267761,,6129
,,19,0.3672020435333252,,6139
,,19,0.37841981649398804,,6149
,,19,0.3721596598625183,,6159
,,19,0.36901113390922546,,6169
,,19,0.3765951991081238,,6179
,,19,0.3579629063606262,,6189
,,19,0.3619193434715271,,6199
,,19,0.36977681517601013,,6209
,,19,0.362364798784256,,6219
,0.37151432037353516,19,,0.371514230966568,6219
0.3733302354812622,,19,,,6219
,,20,0.37889084219932556,,6229
,,20,0.3858036994934082,,6239
,,20,0.38093483448028564,,6249
,,20,0.3855607509613037,,6259
,,20,0.3825010061264038,,6269
,,20,0.3733859956264496,,6279
,,20,0.35280507802963257,,6289
,,20,0.3511093556880951,,6299
,,20,0.363487184047699,,6309
,,20,0.3607219159603119,,6319
,,20,0.3736174702644348,,6329
,,20,0.3764389753341675,,6339
,,20,0.35828232765197754,,6349
,,20,0.36564701795578003,,6359
,,20,0.3775124251842499,,6369
,,20,0.3630114793777466,,6379
,,20,0.38259661197662354,,6389
,,20,0.37768158316612244,,6399
,,20,0.36172327399253845,,6409
,,20,0.3569880425930023,,6419
,,20,0.3686540126800537,,6429
,,20,0.38343024253845215,,6439
,,20,0.37770435214042664,,6449
,,20,0.36357444524765015,,6459
,,20,0.368380606174469,,6469
,,20,0.37314170598983765,,6479
,,20,0.37773045897483826,,6489
,,20,0.374421089887619,,6499
,,20,0.3674250543117523,,6509
,,20,0.37456125020980835,,6519
,,20,0.35930198431015015,,6529
,0.3691505789756775,20,,0.36915063858032227,6530
0.3723706007003784,,20,,,6530
,,21,0.38571906089782715,,6539
,,21,0.37710660696029663,,6549
,,21,0.3637840449810028,,6559
,,21,0.3735322952270508,,6569
,,21,0.3628305196762085,,6579
,,21,0.36081618070602417,,6589
,,21,0.377664178609848,,6599
,,21,0.37471264600753784,,6609
,,21,0.3777579665184021,,6619
,,21,0.35953688621520996,,6629
,,21,0.3716517388820648,,6639
,,21,0.3701196610927582,,6649
,,21,0.38048678636550903,,6659
,,21,0.370957612991333,,6669
,,21,0.3687116503715515,,6679
,,21,0.3740174174308777,,6689
,,21,0.382821261882782,,6699
,,21,0.3784453272819519,,6709
,,21,0.36995038390159607,,6719
,,21,0.38069695234298706,,6729
,,21,0.3816313147544861,,6739
,,21,0.36032718420028687,,6749
,,21,0.3795878291130066,,6759
,,21,0.36889177560806274,,6769
,,21,0.36773011088371277,,6779
,,21,0.37326502799987793,,6789
,,21,0.36349284648895264,,6799
,,21,0.36532068252563477,,6809
,,21,0.3600815534591675,,6819
,,21,0.37259477376937866,,6829
,,21,0.3770771622657776,,6839
,0.36936894059181213,21,,0.3693689703941345,6841
0.3714239299297333,,21,,,6841
,,22,0.356658935546875,,6849
,,22,0.364840030670166,,6859
,,22,0.3682447373867035,,6869
,,22,0.3688746690750122,,6879
,,22,0.3717215955257416,,6889
,,22,0.3706626296043396,,6899
,,22,0.3710811734199524,,6909
,,22,0.3670460879802704,,6919
,,22,0.3835908770561218,,6929
,,22,0.3885538578033447,,6939
,,22,0.3694911599159241,,6949
,,22,0.36682960391044617,,6959
,,22,0.35424551367759705,,6969
,,22,0.37929829955101013,,6979
,,22,0.36735042929649353,,6989
,,22,0.37869271636009216,,6999
,,22,0.36094555258750916,,7009
,,22,0.37283772230148315,,7019
,,22,0.36589762568473816,,7029
,,22,0.3672913908958435,,7039
,,22,0.37034791707992554,,7049
,,22,0.3640454411506653,,7059
,,22,0.36891984939575195,,7069
,,22,0.37212079763412476,,7079
,,22,0.3739268481731415,,7089
,,22,0.36559054255485535,,7099
,,22,0.36607497930526733,,7109
,,22,0.37844371795654297,,7119
,,22,0.3746090531349182,,7129
,,22,0.36210283637046814,,7139
,,22,0.3718366324901581,,7149
,0.36888015270233154,22,,0.3688802123069763,7152
0.37052208185195923,,22,,,7152
,,23,0.3688659071922302,,7159
,,23,0.3845292925834656,,7169
,,23,0.3800622820854187,,7179
,,23,0.3772399425506592,,7189
,,23,0.37557554244995117,,7199
,,23,0.36482781171798706,,7209
,,23,0.3721989393234253,,7219
,,23,0.35582613945007324,,7229
,,23,0.3793160915374756,,7239
,,23,0.38069993257522583,,7249
,,23,0.377960205078125,,7259
,,23,0.38406962156295776,,7269
,,23,0.36508724093437195,,7279
,,23,0.36695951223373413,,7289
,,23,0.37855982780456543,,7299
,,23,0.3716221749782562,,7309
,,23,0.39071035385131836,,7319
,,23,0.3726740777492523,,7329
,,23,0.36890384554862976,,7339
,,23,0.3650478720664978,,7349
,,23,0.37299031019210815,,7359
,,23,0.3768705725669861,,7369
,,23,0.37152689695358276,,7379
,,23,0.3629380166530609,,7389
,,23,0.36992180347442627,,7399
,,23,0.36428043246269226,,7409
,,23,0.372715562582016,,7419
,,23,0.3723018169403076,,7429
,,23,0.36121249198913574,,7439
,,23,0.3825256824493408,,7449
,,23,0.3678451478481293,,7459
,0.3664698600769043,23,,0.3664698898792267,7463
0.369813472032547,,23,,,7463
,,24,0.35271820425987244,,7469
,,24,0.36015161871910095,,7479
,,24,0.3743218779563904,,7489
,,24,0.38183706998825073,,7499
,,24,0.36889299750328064,,7509
,,24,0.3793191909790039,,7519
,,24,0.36760789155960083,,7529
,,24,0.37297093868255615,,7539
,,24,0.3736221194267273,,7549
,,24,0.36510300636291504,,7559
,,24,0.3629583716392517,,7569
,,24,0.3553255498409271,,7579
,,24,0.37056732177734375,,7589
,,24,0.36159953474998474,,7599
,,24,0.3794378936290741,,7609
,,24,0.3662189245223999,,7619
,,24,0.36458253860473633,,7629
,,24,0.36522001028060913,,7639
,,24,0.35461854934692383,,7649
,,24,0.3779573440551758,,7659
,,24,0.3600403666496277,,7669
,,24,0.36024221777915955,,7679
,,24,0.34829598665237427,,7689
,,24,0.3690294027328491,,7699
,,24,0.3520166575908661,,7709
,,24,0.35280537605285645,,7719
,,24,0.3687608242034912,,7729
,,24,0.37057173252105713,,7739
,,24,0.35962557792663574,,7749
,,24,0.3574858605861664,,7759
,,24,0.3578917682170868,,7769
,0.3664805293083191,24,,0.36648067831993103,7774
0.3689955472946167,,24,,,7774
,,25,0.37021002173423767,,7779
,,25,0.39554867148399353,,7789
,,25,0.35987958312034607,,7799
,,25,0.3696383833885193,,7809
,,25,0.36363789439201355,,7819
,,25,0.36474236845970154,,7829
,,25,0.3762807846069336,,7839
,,25,0.3658963143825531,,7849
,,25,0.37068748474121094,,7859
,,25,0.3657419681549072,,7869
,,25,0.37876400351524353,,7879
,,25,0.36720848083496094,,7889
,,25,0.36661505699157715,,7899
,,25,0.3779076933860779,,7909
,,25,0.36966854333877563,,7919
,,25,0.3678843677043915,,7929
,,25,0.3651054799556732,,7939
,,25,0.3873727023601532,,7949
,,25,0.3644128739833832,,7959
,,25,0.36553558707237244,,7969
,,25,0.3712172210216522,,7979
,,25,0.36694833636283875,,7989
,,25,0.3611123263835907,,7999
,,25,0.3678233027458191,,8009
,,25,0.3693791329860687,,8019
,,25,0.37473124265670776,,8029
,,25,0.3745577037334442,,8039
,,25,0.3748040795326233,,8049
,,25,0.3686841130256653,,8059
,,25,0.3693786859512329,,8069
,,25,0.3750545382499695,,8079
,0.36641818284988403,25,,0.36641836166381836,8085
0.3683127760887146,,25,,,8085
,,26,0.3712857961654663,,8089
,,26,0.36051762104034424,,8099
,,26,0.36523112654685974,,8109
,,26,0.3587828278541565,,8119
,,26,0.3767131268978119,,8129
,,26,0.3695693612098694,,8139
,,26,0.3715236186981201,,8149
,,26,0.3731783628463745,,8159
,,26,0.36235445737838745,,8169
,,26,0.3749956786632538,,8179
,,26,0.37000831961631775,,8189
,,26,0.361680269241333,,8199
,,26,0.37434837222099304,,8209
,,26,0.3753036856651306,,8219
,,26,0.3901579976081848,,8229
,,26,0.3798641860485077,,8239
,,26,0.36165326833724976,,8249
,,26,0.37547335028648376,,8259
,,26,0.3719307780265808,,8269
,,26,0.3647948205471039,,8279
,,26,0.35288867354393005,,8289
,,26,0.3748309016227722,,8299
,,26,0.36496955156326294,,8309
,,26,0.36949843168258667,,8319
,,26,0.35359883308410645,,8329
,,26,0.3760469853878021,,8339
,,26,0.3749735951423645,,8349
,,26,0.37395691871643066,,8359
,,26,0.3590221405029297,,8369
,,26,0.38042983412742615,,8379
,,26,0.3544948697090149,,8389
,0.3663456439971924,26,,0.36634570360183716,8396
0.36761096119880676,,26,,,8396
,,27,0.3631354570388794,,8399
,,27,0.3643643260002136,,8409
,,27,0.3740561604499817,,8419
,,27,0.3606571555137634,,8429
,,27,0.36600565910339355,,8439
,,27,0.37457403540611267,,8449
,,27,0.36021143198013306,,8459
,,27,0.3757483959197998,,8469
,,27,0.36594268679618835,,8479
,,27,0.3611268997192383,,8489
,,27,0.3642804026603699,,8499
,,27,0.37524133920669556,,8509
,,27,0.3670501708984375,,8519
,,27,0.37474188208580017,,8529
,,27,0.372852623462677,,8539
,,27,0.3647972345352173,,8549
,,27,0.3677147328853607,,8559
,,27,0.3668731153011322,,8569
,,27,0.36225947737693787,,8579
,,27,0.3558560311794281,,8589
,,27,0.3677402436733246,,8599
,,27,0.38888055086135864,,8609
,,27,0.37168264389038086,,8619
,,27,0.372498482465744,,8629
,,27,0.3620299696922302,,8639
,,27,0.363137811422348,,8649
,,27,0.37849530577659607,,8659
,,27,0.3581227660179138,,8669
,,27,0.3523117005825043,,8679
,,27,0.3545909821987152,,8689
,,27,0.36904382705688477,,8699
,0.36642444133758545,27,,0.36642444133758545,8707
0.36698251962661743,,27,,,8707
,,28,0.35394036769866943,,8709
,,28,0.36906737089157104,,8719
,,28,0.37378716468811035,,8729
,,28,0.3690824508666992,,8739
,,28,0.35865792632102966,,8749
,,28,0.3673427700996399,,8759
,,28,0.37233877182006836,,8769
,,28,0.38269591331481934,,8779
,,28,0.3712329864501953,,8789
,,28,0.3521541357040405,,8799
,,28,0.3530953526496887,,8809
,,28,0.3686698377132416,,8819
,,28,0.37259313464164734,,8829
,,28,0.3519713282585144,,8839
,,28,0.3505401611328125,,8849
,,28,0.37788110971450806,,8859
,,28,0.366607129573822,,8869
,,28,0.36465463042259216,,8879
,,28,0.355682373046875,,8889
,,28,0.36119288206100464,,8899
,,28,0.3625917136669159,,8909
,,28,0.3654125928878784,,8919
,,28,0.3717125654220581,,8929
,,28,0.36338889598846436,,8939
,,28,0.37911054491996765,,8949
,,28,0.3621792793273926,,8959
,,28,0.36841881275177,,8969
,,28,0.3695083260536194,,8979
,,28,0.3510861098766327,,8989
,,28,0.3691926896572113,,8999
,,28,0.3745356500148773,,9009
,0.36363476514816284,28,,0.36363485455513,9018
0.3663492202758789,,28,,,9018
,,29,0.35861676931381226,,9019
,,29,0.3736853003501892,,9029
,,29,0.3693171441555023,,9039
,,29,0.374522864818573,,9049
,,29,0.3668600916862488,,9059
,,29,0.35095226764678955,,9069
,,29,0.3769582211971283,,9079
,,29,0.3705631196498871,,9089
,,29,0.37243327498435974,,9099
,,29,0.3615948557853699,,9109
,,29,0.3604971766471863,,9119
,,29,0.3655796945095062,,9129
,,29,0.37493008375167847,,9139
,,29,0.35747623443603516,,9149
,,29,0.3699919581413269,,9159
,,29,0.3641761243343353,,9169
,,29,0.3640279173851013,,9179
,,29,0.3728979229927063,,9189
,,29,0.3771384358406067,,9199
,,29,0.3627491891384125,,9209
,,29,0.366843044757843,,9219
,,29,0.38393133878707886,,9229
,,29,0.3588540554046631,,9239
,,29,0.3659598231315613,,9249
,,29,0.36144131422042847,,9259
,,29,0.3712030351161957,,9269
,,29,0.37372273206710815,,9279
,,29,0.35858258605003357,,9289
,,29,0.3692648112773895,,9299
,,29,0.3614921569824219,,9309
,,29,0.36467212438583374,,9319
,,29,0.3632356524467468,,9329
,0.3645946681499481,29,,0.3645946681499481,9329
0.36574608087539673,,29,,,9329
,,30,0.3652516305446625,,9339
,,30,0.36469072103500366,,9349
,,30,0.37772923707962036,,9359
,,30,0.37245091795921326,,9369
,,30,0.35870039463043213,,9379
,,30,0.3546653687953949,,9389
,,30,0.36469602584838867,,9399
,,30,0.36472952365875244,,9409
,,30,0.36518844962120056,,9419
,,30,0.3704540729522705,,9429
,,30,0.3769758641719818,,9439
,,30,0.3536469340324402,,9449
,,30,0.37520191073417664,,9459
,,30,0.35309693217277527,,9469
,,30,0.36461615562438965,,9479
,,30,0.3650144934654236,,9489
,,30,0.37036991119384766,,9499
,,30,0.3596099317073822,,9509
,,30,0.3523086905479431,,9519
,,30,0.3665025234222412,,9529
,,30,0.36616915464401245,,9539
,,30,0.36629992723464966,,9549
,,30,0.35943466424942017,,9559
,,30,0.358387291431427,,9569
,,30,0.36351680755615234,,9579
,,30,0.37342238426208496,,9589
,,30,0.3704610764980316,,9599
,,30,0.3560624122619629,,9609
,,30,0.37224632501602173,,9619
,,30,0.3651615381240845,,9629
,,30,0.36376816034317017,,9639
,0.3642335832118988,30,,0.36423349380493164,9640
0.3651316165924072,,30,,,9640
,,31,0.35961979627609253,,9649
,,31,0.35276874899864197,,9659
,,31,0.3686002194881439,,9669
,,31,0.36023426055908203,,9679
,,31,0.37460774183273315,,9689
,,31,0.3721427917480469,,9699
,,31,0.3607116639614105,,9709
,,31,0.37688395380973816,,9719
,,31,0.3750982880592346,,9729
,,31,0.36418911814689636,,9739
,,31,0.3652850091457367,,9749
,,31,0.3709810674190521,,9759
,,31,0.36034053564071655,,9769
,,31,0.3637937903404236,,9779
,,31,0.3775296211242676,,9789
,,31,0.35780924558639526,,9799
,,31,0.37725409865379333,,9809
,,31,0.3724651038646698,,9819
,,31,0.36224859952926636,,9829
,,31,0.3598797917366028,,9839
,,31,0.3555986285209656,,9849
,,31,0.37391194701194763,,9859
,,31,0.34805434942245483,,9869
,,31,0.35620397329330444,,9879
,,31,0.3816338777542114,,9889
,,31,0.35785341262817383,,9899
,,31,0.3703709840774536,,9909
,,31,0.3622305393218994,,9919
,,31,0.35787296295166016,,9929
,,31,0.35522472858428955,,9939
,,31,0.3630081117153168,,9949
,0.36268484592437744,31,,0.36268478631973267,9951
0.3645550310611725,,31,,,9951
,,32,0.3600154519081116,,9959
,,32,0.36566728353500366,,9969
,,32,0.35769185423851013,,9979
,,32,0.35652798414230347,,9989
,,32,0.37405967712402344,,9999
,,32,0.35933929681777954,,10009
,,32,0.36210474371910095,,10019
,,32,0.3707677721977234,,10029
,,32,0.36184239387512207,,10039
,,32,0.35373935103416443,,10049
,,32,0.34941601753234863,,10059
,,32,0.37138789892196655,,10069
,,32,0.3567315936088562,,10079
,,32,0.3601921498775482,,10089
,,32,0.36157745122909546,,10099
,,32,0.36431318521499634,,10109
,,32,0.3573284149169922,,10119
,,32,0.37271541357040405,,10129
,,32,0.36531680822372437,,10139
,,32,0.3745962083339691,,10149
,,32,0.3565642833709717,,10159
,,32,0.35702061653137207,,10169
,,32,0.35777437686920166,,10179
,,32,0.37331122159957886,,10189
,,32,0.37032100558280945,,10199
,,32,0.35729703307151794,,10209
,,32,0.36082860827445984,,10219
,,32,0.37073883414268494,,10229
,,32,0.35803601145744324,,10239
,,32,0.3659377098083496,,10249
,,32,0.36089038848876953,,10259
,0.3625015318393707,32,,0.3625016212463379,10262
0.36407721042633057,,32,,,10262
,,33,0.3607497215270996,,10269
,,33,0.3761463165283203,,10279
,,33,0.377618670463562,,10289
,,33,0.3637673854827881,,10299
,,33,0.35334140062332153,,10309
,,33,0.3587852418422699,,10319
,,33,0.3746141791343689,,10329
,,33,0.36193960905075073,,10339
,,33,0.37714633345603943,,10349
,,33,0.36109012365341187,,10359
,,33,0.36316293478012085,,10369
,,33,0.3563025891780853,,10379
,,33,0.36575406789779663,,10389
,,33,0.3792848289012909,,10399
,,33,0.3639107644557953,,10409
,,33,0.3626914918422699,,10419
,,33,0.3720366954803467,,10429
,,33,0.37136349081993103,,10439
,,33,0.3615298271179199,,10449
,,33,0.3754030168056488,,10459
,,33,0.3675236701965332,,10469
,,33,0.35511308908462524,,10479
,,33,0.3738327622413635,,10489
,,33,0.36248859763145447,,10499
,,33,0.36906179785728455,,10509
,,33,0.36007869243621826,,10519
,,33,0.3709423243999481,,10529
,,33,0.3577025532722473,,10539
,,33,0.3636491000652313,,10549
,,33,0.35729438066482544,,10559
,,33,0.37744778394699097,,10569
,0.363518089056015,33,,0.3635181188583374,10573
0.36361151933670044,,33,,,10573
,,34,0.3659083843231201,,10579
,,34,0.35277625918388367,,10589
,,34,0.355573832988739,,10599
,,34,0.36616572737693787,,10609
,,34,0.36673861742019653,,10619
,,34,0.3566833436489105,,10629
,,34,0.355834424495697,,10639
,,34,0.3617594242095947,,10649
,,34,0.3593839108943939,,10659
,,34,0.35019978880882263,,10669
,,34,0.3666161000728607,,10679
,,34,0.356871098279953,,10689
,,34,0.37399429082870483,,10699
,,34,0.3788284957408905,,10709
,,34,0.36206933856010437,,10719
,,34,0.3645298480987549,,10729
,,34,0.35544246435165405,,10739
,,34,0.3499241769313812,,10749
,,34,0.3663259446620941,,10759
,,34,0.3732004165649414,,10769
,,34,0.3548024892807007,,10779
,,34,0.37051528692245483,,10789
,,34,0.3516051471233368,,10799
,,34,0.3515337407588959,,10809
,,34,0.37896662950515747,,10819
,,34,0.3654579520225525,,10829
,,34,0.37659573554992676,,10839
,,34,0.35743364691734314,,10849
,,34,0.37974101305007935,,10859
,,34,0.37272176146507263,,10869
,,34,0.35425418615341187,,10879
,0.36171790957450867,34,,0.3617178797721863,10884
0.36309099197387695,,34,,,10884
,,35,0.3784329891204834,,10889
,,35,0.363135427236557,,10899
,,35,0.3756997585296631,,10909
,,35,0.36497730016708374,,10919
,,35,0.3563593327999115,,10929
,,35,0.3508407473564148,,10939
,,35,0.3580673336982727,,10949
,,35,0.3707215189933777,,10959
,,35,0.35327884554862976,,10969
,,35,0.36432623863220215,,10979
,,35,0.36300787329673767,,10989
,,35,0.36148524284362793,,10999
,,35,0.3597337603569031,,11009
,,35,0.3627956509590149,,11019
,,35,0.35574430227279663,,11029
,,35,0.35122331976890564,,11039
,,35,0.3596022129058838,,11049
,,35,0.36093997955322266,,11059
,,35,0.3678431510925293,,11069
,,35,0.3670857548713684,,11079
,,35,0.3475211262702942,,11089
,,35,0.34985241293907166,,11099
,,35,0.3498411178588867,,11109
,,35,0.37801140546798706,,11119
,,35,0.3683650493621826,,11129
,,35,0.3738364577293396,,11139
,,35,0.3588748872280121,,11149
,,35,0.3462504744529724,,11159
,,35,0.3624703884124756,,11169
,,35,0.36565208435058594,,11179
,,35,0.3639054298400879,,11189
,0.36256593465805054,35,,0.36256593465805054,11195
0.3625994622707367,,35,,,11195
,,36,0.36989039182662964,,11199
,,36,0.36362403631210327,,11209
,,36,0.34608274698257446,,11219
,,36,0.34579288959503174,,11229
,,36,0.3645050525665283,,11239
,,36,0.3707002103328705,,11249
,,36,0.3681623339653015,,11259
,,36,0.36773964762687683,,11269
,,36,0.36253905296325684,,11279
,,36,0.36201104521751404,,11289
,,36,0.3601536750793457,,11299
,,36,0.3584897518157959,,11309
,,36,0.36879366636276245,,11319
,,36,0.3622816503047943,,11329
,,36,0.3635943531990051,,11339
,,36,0.3566364049911499,,11349
,,36,0.36792755126953125,,11359
,,36,0.36863431334495544,,11369
,,36,0.35530710220336914,,11379
,,36,0.36426424980163574,,11389
,,36,0.36596745252609253,,11399
,,36,0.36618995666503906,,11409
,,36,0.37328776717185974,,11419
,,36,0.3543507754802704,,11429
,,36,0.3567630648612976,,11439
,,36,0.3496735095977783,,11449
,,36,0.37547212839126587,,11459
,,36,0.37528812885284424,,11469
,,36,0.3641701638698578,,11479
,,36,0.3657069802284241,,11489
,,36,0.3742462396621704,,11499
,0.3628734052181244,36,,0.36287328600883484,11506
0.36210641264915466,,36,,,11506
,,37,0.36957085132598877,,11509
,,37,0.34681206941604614,,11519
,,37,0.3778843879699707,,11529
,,37,0.36150139570236206,,11539
,,37,0.36411404609680176,,11549
,,37,0.36645644903182983,,11559
,,37,0.3759075999259949,,11569
,,37,0.3671921193599701,,11579
,,37,0.35404786467552185,,11589
,,37,0.3714580535888672,,11599
,,37,0.3670334219932556,,11609
,,37,0.37386083602905273,,11619
,,37,0.35871124267578125,,11629
,,37,0.3601606786251068,,11639
,,37,0.3704337477684021,,11649
,,37,0.35816723108291626,,11659
,,37,0.349126935005188,,11669
,,37,0.35650667548179626,,11679
,,37,0.3567947745323181,,11689
,,37,0.36337214708328247,,11699
,,37,0.37765932083129883,,11709
,,37,0.3658706545829773,,11719
,,37,0.3782946467399597,,11729
,,37,0.3622576594352722,,11739
,,37,0.36255544424057007,,11749
,,37,0.3622867465019226,,11759
,,37,0.36788567900657654,,11769
,,37,0.3713528513908386,,11779
,,37,0.3490585684776306,,11789
,,37,0.37399405241012573,,11799
,,37,0.36050182580947876,,11809
,0.36202436685562134,37,,0.36202436685562134,11817
0.361842542886734,,37,,,11817
,,38,0.37380826473236084,,11819
,,38,0.357288122177124,,11829
,,38,0.353915274143219,,11839
,,38,0.3609030246734619,,11849
,,38,0.3653676509857178,,11859
,,38,0.3578985929489136,,11869
,,38,0.3735104501247406,,11879
,,38,0.3582247197628021,,11889
,,38,0.3580351769924164,,11899
,,38,0.37406596541404724,,11909
,,38,0.3651500642299652,,11919
,,38,0.3632799983024597,,11929
,,38,0.3608306348323822,,11939
,,38,0.3617863059043884,,11949
,,38,0.36314064264297485,,11959
,,38,0.34951698780059814,,11969
,,38,0.36034268140792847,,11979
,,38,0.3562641143798828,,11989
,,38,0.3425881564617157,,11999
,,38,0.3581944406032562,,12009
,,38,0.3620566129684448,,12019
,,38,0.3801004886627197,,12029
,,38,0.3713326156139374,,12039
,,38,0.3506532609462738,,12049
,,38,0.35114336013793945,,12059
,,38,0.36052775382995605,,12069
,,38,0.37435662746429443,,12079
,,38,0.35471194982528687,,12089
,,38,0.35384315252304077,,12099
,,38,0.3621295392513275,,12109
,,38,0.36703217029571533,,12119
,0.3606351613998413,38,,0.3606351315975189,12128
0.3612918555736542,,38,,,12128
,,39,0.3669569194316864,,12129
,,39,0.3573647439479828,,12139
,,39,0.3627482056617737,,12149
,,39,0.3822622299194336,,12159
,,39,0.3661963939666748,,12169
,,39,0.37001752853393555,,12179
,,39,0.3557041585445404,,12189
,,39,0.3623102903366089,,12199
,,39,0.35259780287742615,,12209
,,39,0.3639780879020691,,12219
,,39,0.3608675003051758,,12229
,,39,0.36110007762908936,,12239
,,39,0.3644635081291199,,12249
,,39,0.3421027660369873,,12259
,,39,0.3584688603878021,,12269
,,39,0.3533300757408142,,12279
,,39,0.36463236808776855,,12289
,,39,0.3471776843070984,,12299
,,39,0.3547055125236511,,12309
,,39,0.3558422327041626,,12319
,,39,0.3521689176559448,,12329
,,39,0.36705073714256287,,12339
,,39,0.35716208815574646,,12349
,,39,0.3603876531124115,,12359
,,39,0.3710613250732422,,12369
,,39,0.362415611743927,,12379
,,39,0.3680824637413025,,12389
,,39,0.3618728518486023,,12399
,,39,0.38514599204063416,,12409
,,39,0.3556983470916748,,12419
,,39,0.34961676597595215,,12429
,,39,0.3559971749782562,,12439
,0.3602001368999481,39,,0.36020010709762573,12439
0.3610265254974365,,39,,,12439
,,40,0.366591215133667,,12449
,,40,0.36387503147125244,,12459
,,40,0.35379308462142944,,12469
,,40,0.3491485118865967,,12479
,,40,0.3436047434806824,,12489
,,40,0.35271549224853516,,12499
,,40,0.3672982156276703,,12509
,,40,0.37178492546081543,,12519
,,40,0.3846505582332611,,12529
,,40,0.36160677671432495,,12539
,,40,0.36196789145469666,,12549
,,40,0.36411571502685547,,12559
,,40,0.3553538918495178,,12569
,,40,0.36672115325927734,,12579
,,40,0.35806840658187866,,12589
,,40,0.3737708330154419,,12599
,,40,0.3590999245643616,,12609
,,40,0.37222450971603394,,12619
,,40,0.37063688039779663,,12629
,,40,0.36035633087158203,,12639
,,40,0.35936135053634644,,12649
,,40,0.3573893904685974,,12659
,,40,0.3635558784008026,,12669
,,40,0.35185909271240234,,12679
,,40,0.36831745505332947,,12689
,,40,0.33906054496765137,,12699
,,40,0.3547790050506592,,12709
,,40,0.3735189437866211,,12719
,,40,0.36534151434898376,,12729
,,40,0.34486258029937744,,12739
,,40,0.35156673192977905,,12749
,0.36035481095314026,40,,0.36035487055778503,12750
0.36050498485565186,,40,,,12750
,,41,0.3723832070827484,,12759
,,41,0.3702664375305176,,12769
,,41,0.3599327504634857,,12779
,,41,0.3451222777366638,,12789
,,41,0.36781543493270874,,12799
,,41,0.3648326098918915,,12809
,,41,0.3582218885421753,,12819
,,41,0.37257856130599976,,12829
,,41,0.3553405702114105,,12839
,,41,0.3560757637023926,,12849
,,41,0.3542999029159546,,12859
,,41,0.36423611640930176,,12869
,,41,0.35484132170677185,,12879
,,41,0.3530053496360779,,12889
,,41,0.36109814047813416,,12899
,,41,0.34221959114074707,,12909
,,41,0.3670516908168793,,12919
,,41,0.35155779123306274,,12929
,,41,0.35596853494644165,,12939
,,41,0.35356807708740234,,12949
,,41,0.3530415892601013,,12959
,,41,0.363426148891449,,12969
,,41,0.34977418184280396,,12979
,,41,0.3447338938713074,,12989
,,41,0.3600310683250427,,12999
,,41,0.36364981532096863,,13009
,,41,0.3699479103088379,,13019
,,41,0.3697987198829651,,13029
,,41,0.3613874912261963,,13039
,,41,0.3561112880706787,,13049
,,41,0.3610139489173889,,13059
,0.3602563738822937,41,,0.3602564334869385,13061
0.36032629013061523,,41,,,13061
,,42,0.3486274182796478,,13069
,,42,0.35944318771362305,,13079
,,42,0.34930282831192017,,13089
,,42,0.36253035068511963,,13099
,,42,0.3554573655128479,,13109
,,42,0.3749377727508545,,13119
,,42,0.3558982312679291,,13129
,,42,0.3643093705177307,,13139
,,42,0.3562476634979248,,13149
,,42,0.3518688678741455,,13159
,,42,0.36893269419670105,,13169
,,42,0.36098992824554443,,13179
,,42,0.33934324979782104,,13189
,,42,0.358167827129364,,13199
,,42,0.34924110770225525,,13209
,,42,0.34390509128570557,,13219
,,42,0.3614433705806732,,13229
,,42,0.3661268949508667,,13239
,,42,0.371277391910553,,13249
,,42,0.33575889468193054,,13259
,,42,0.37773752212524414,,13269
,,42,0.3687703013420105,,13279
,,42,0.368072509765625,,13289
,,42,0.35674381256103516,,13299
,,42,0.3511126637458801,,13309
,,42,0.362405389547348,,13319
,,42,0.3583984971046448,,13329
,,42,0.3523213863372803,,13339
,,42,0.3654273450374603,,13349
,,42,0.3401655852794647,,13359
,,42,0.3636697232723236,,13369
,0.36035120487213135,42,,0.36035120487213135,13372
0.3599052429199219,,42,,,13372
,,43,0.35582417249679565,,13379
,,43,0.3417462110519409,,13389
,,43,0.3488946855068207,,13399
,,43,0.36333292722702026,,13409
,,43,0.3476451337337494,,13419
,,43,0.3503945469856262,,13429
,,43,0.3596855401992798,,13439
,,43,0.36984455585479736,,13449
,,43,0.36027273535728455,,13459
,,43,0.345371812582016,,13469
,,43,0.3690792918205261,,13479
,,43,0.35244545340538025,,13489
,,43,0.35591548681259155,,13499
,,43,0.36435016989707947,,13509
,,43,0.3590814471244812,,13519
,,43,0.3685866594314575,,13529
,,43,0.3641291558742523,,13539
,,43,0.3630307614803314,,13549
,,43,0.3547600209712982,,13559
,,43,0.35363394021987915,,13569
,,43,0.3564932942390442,,13579
,,43,0.3573841452598572,,13589
,,43,0.36081647872924805,,13599
,,43,0.3407721519470215,,13609
,,43,0.3505309522151947,,13619
,,43,0.3590734004974365,,13629
,,43,0.36681580543518066,,13639
,,43,0.35082197189331055,,13649
,,43,0.3514021337032318,,13659
,,43,0.3586976230144501,,13669
,,43,0.3708401620388031,,13679
,0.3604617714881897,43,,0.3604617416858673,13683
0.3593963086605072,,43,,,13683
,,44,0.3636814057826996,,13689
,,44,0.3620274066925049,,13699
,,44,0.36549660563468933,,13709
,,44,0.3618500232696533,,13719
,,44,0.36221617460250854,,13729
,,44,0.37267208099365234,,13739
,,44,0.36305922269821167,,13749
,,44,0.36298584938049316,,13759
,,44,0.35819146037101746,,13769
,,44,0.3654812276363373,,13779
,,44,0.3647964894771576,,13789
,,44,0.35203155875205994,,13799
,,44,0.3523826003074646,,13809
,,44,0.3680434226989746,,13819
,,44,0.3753143548965454,,13829
,,44,0.366102397441864,,13839
,,44,0.3530244827270508,,13849
,,44,0.3755875527858734,,13859
,,44,0.3527910113334656,,13869
,,44,0.3603765666484833,,13879
,,44,0.34230196475982666,,13889
,,44,0.3642342984676361,,13899
,,44,0.3625810742378235,,13909
,,44,0.349606990814209,,13919
,,44,0.3711608648300171,,13929
,,44,0.3583231568336487,,13939
,,44,0.3575046956539154,,13949
,,44,0.3602055311203003,,13959
,,44,0.3484994173049927,,13969
,,44,0.3545534014701843,,13979
,,44,0.3673805594444275,,13989
,0.3608248233795166,44,,0.3608248829841614,13994
0.35916614532470703,,44,,,13994
